date,team,elo
2024-10-12,ANA,1511
2024-10-13,ANA,1502
2024-10-16,ANA,1512
2024-10-18,ANA,1501
2024-10-20,ANA,1490
2024-10-22,ANA,1498
2024-10-26,ANA,1490
2024-10-27,ANA,1480
2024-10-29,ANA,1491
2024-10-31,ANA,1481
2024-11-03,ANA,1470
2024-11-05,ANA,1460
2024-11-08,ANA,1451
2024-11-10,ANA,1461
2024-11-13,ANA,1452
2024-11-15,ANA,1462
2024-11-18,ANA,1475
2024-11-19,ANA,1486
2024-11-22,ANA,1476
2024-11-25,ANA,1465
2024-11-27,ANA,1477
2024-11-29,ANA,1467
2024-12-01,ANA,1476
2024-12-04,ANA,1467
2024-12-06,ANA,1459
2024-12-09,ANA,1450
2024-12-11,ANA,1442
2024-12-12,ANA,1436
2024-12-14,ANA,1448
2024-12-18,ANA,1460
2024-12-20,ANA,1451
2024-12-22,ANA,1464
2024-12-23,ANA,1458
2024-12-28,ANA,1447
2024-12-29,ANA,1459
2024-12-31,ANA,1471
2025-01-02,ANA,1485
2025-01-03,ANA,1478
2025-01-05,ANA,1488
2025-01-07,ANA,1476
2025-01-09,ANA,1467
2025-01-11,ANA,1458
2025-01-12,ANA,1471
2025-01-14,ANA,1464
2025-01-16,ANA,1457
2025-01-18,ANA,1450
2025-01-21,ANA,1441
2025-01-23,ANA,1450
2025-01-25,ANA,1460
2025-01-28,ANA,1471
2025-01-30,ANA,1463
2025-02-02,ANA,1473
2025-02-04,ANA,1485
2025-02-08,ANA,1497
2025-02-22,ANA,1507
2025-02-23,ANA,1498
2025-02-25,ANA,1488
2025-02-27,ANA,1497
2025-03-01,ANA,1482
2025-03-04,ANA,1495
2025-03-05,ANA,1485
2025-03-07,ANA,1474
2025-03-09,ANA,1484
2025-03-11,ANA,1476
2025-03-12,ANA,1467
2025-03-14,ANA,1476
2025-03-16,ANA,1468
2025-03-18,ANA,1462
2025-03-20,ANA,1472
2025-03-23,ANA,1464
2025-03-26,ANA,1472
2025-03-28,ANA,1481
2025-03-30,ANA,1472
2025-04-01,ANA,1478
2025-04-03,ANA,1469
2025-04-05,ANA,1460
2025-04-07,ANA,1472
2024-10-08,BOS,1491
2024-10-10,BOS,1501
2024-10-12,BOS,1510
2024-10-14,BOS,1498
2024-10-16,BOS,1508
2024-10-19,BOS,1499
2024-10-22,BOS,1489
2024-10-24,BOS,1479
2024-10-26,BOS,1488
2024-10-29,BOS,1476
2024-10-31,BOS,1469
2024-11-02,BOS,1480
2024-11-03,BOS,1489
2024-11-05,BOS,1480
2024-11-07,BOS,1490
2024-11-09,BOS,1479
2024-11-12,BOS,1490
2024-11-14,BOS,1482
2024-11-16,BOS,1471
2024-11-18,BOS,1459
2024-11-21,BOS,1468
2024-11-23,BOS,1479
2024-11-26,BOS,1469
2024-11-27,BOS,1480
2024-11-29,BOS,1468
2024-12-01,BOS,1476
2024-12-03,BOS,1485
2024-12-04,BOS,1495
2024-12-07,BOS,1504
2024-12-10,BOS,1497
2024-12-12,BOS,1488
2024-12-14,BOS,1500
2024-12-17,BOS,1510
2024-12-19,BOS,1502
2024-12-21,BOS,1509
2024-12-23,BOS,1520
2024-12-27,BOS,1509
2024-12-28,BOS,1517
2024-12-31,BOS,1510
2025-01-02,BOS,1499
2025-01-04,BOS,1491
2025-01-05,BOS,1478
2025-01-07,BOS,1470
2025-01-09,BOS,1462
2025-01-11,BOS,1475
2025-01-14,BOS,1486
2025-01-18,BOS,1478
2025-01-20,BOS,1485
2025-01-22,BOS,1476
2025-01-23,BOS,1486
2025-01-25,BOS,1497
2025-01-28,BOS,1486
2025-01-30,BOS,1478
2025-02-01,BOS,1487
2025-02-04,BOS,1498
2025-02-05,BOS,1489
2025-02-08,BOS,1479
2025-02-22,BOS,1469
2025-02-25,BOS,1461
2025-02-27,BOS,1451
2025-03-01,BOS,1461
2025-03-02,BOS,1454
2025-03-04,BOS,1442
2025-03-06,BOS,1435
2025-03-08,BOS,1450
2025-03-11,BOS,1463
2025-03-13,BOS,1456
2025-03-15,BOS,1447
2025-03-17,BOS,1436
2025-03-20,BOS,1429
2025-03-22,BOS,1417
2025-03-23,BOS,1411
2025-03-26,BOS,1403
2025-03-29,BOS,1396
2025-04-01,BOS,1390
2025-04-03,BOS,1384
2025-04-05,BOS,1398
2025-04-06,BOS,1392
2024-10-10,BUF,1489
2024-10-12,BUF,1498
2024-10-16,BUF,1489
2024-10-17,BUF,1480
2024-10-19,BUF,1491
2024-10-22,BUF,1501
2024-10-26,BUF,1510
2024-10-28,BUF,1499
2024-11-01,BUF,1487
2024-11-02,BUF,1478
2024-11-05,BUF,1488
2024-11-07,BUF,1501
2024-11-09,BUF,1510
2024-11-11,BUF,1497
2024-11-14,BUF,1505
2024-11-16,BUF,1495
2024-11-20,BUF,1506
2024-11-22,BUF,1516
2024-11-23,BUF,1525
2024-11-27,BUF,1514
2024-11-29,BUF,1503
2024-11-30,BUF,1492
2024-12-03,BUF,1482
2024-12-05,BUF,1473
2024-12-07,BUF,1462
2024-12-09,BUF,1450
2024-12-11,BUF,1440
2024-12-14,BUF,1435
2024-12-15,BUF,1429
2024-12-17,BUF,1420
2024-12-20,BUF,1413
2024-12-21,BUF,1406
2024-12-23,BUF,1418
2024-12-27,BUF,1428
2024-12-29,BUF,1441
2024-12-31,BUF,1435
2025-01-02,BUF,1430
2025-01-04,BUF,1425
2025-01-06,BUF,1438
2025-01-09,BUF,1451
2025-01-11,BUF,1440
2025-01-15,BUF,1451
2025-01-17,BUF,1440
2025-01-20,BUF,1432
2025-01-21,BUF,1444
2025-01-23,BUF,1436
2025-01-25,BUF,1431
2025-01-28,BUF,1442
2025-01-31,BUF,1451
2025-02-02,BUF,1462
2025-02-04,BUF,1473
2025-02-08,BUF,1462
2025-02-22,BUF,1472
2025-02-25,BUF,1482
2025-02-27,BUF,1474
2025-03-01,BUF,1464
2025-03-03,BUF,1456
2025-03-04,BUF,1442
2025-03-06,BUF,1436
2025-03-08,BUF,1431
2025-03-10,BUF,1443
2025-03-12,BUF,1435
2025-03-15,BUF,1447
2025-03-17,BUF,1458
2025-03-20,BUF,1449
2025-03-22,BUF,1442
2025-03-23,BUF,1457
2025-03-25,BUF,1468
2025-03-27,BUF,1476
2025-03-29,BUF,1465
2025-03-30,BUF,1479
2025-04-01,BUF,1492
2025-04-05,BUF,1503
2025-04-06,BUF,1509
2025-02-12,CAN,1511
2025-02-15,CAN,1500
2025-02-17,CAN,1511
2025-02-20,CAN,1522
2024-10-11,CAR,1489
2024-10-15,CAR,1499
2024-10-18,CAR,1510
2024-10-19,CAR,1501
2024-10-22,CAR,1511
2024-10-24,CAR,1523
2024-10-26,CAR,1533
2024-10-28,CAR,1543
2024-10-31,CAR,1550
2024-11-03,CAR,1559
2024-11-05,CAR,1565
2024-11-07,CAR,1571
2024-11-09,CAR,1559
2024-11-11,CAR,1569
2024-11-13,CAR,1557
2024-11-16,CAR,1564
2024-11-17,CAR,1571
2024-11-20,CAR,1580
2024-11-21,CAR,1569
2024-11-23,CAR,1557
2024-11-25,CAR,1566
2024-11-27,CAR,1574
2024-11-29,CAR,1562
2024-11-30,CAR,1552
2024-12-03,CAR,1539
2024-12-05,CAR,1548
2024-12-07,CAR,1536
2024-12-10,CAR,1542
2024-12-13,CAR,1529
2024-12-15,CAR,1536
2024-12-17,CAR,1542
2024-12-20,CAR,1534
2024-12-22,CAR,1543
2024-12-23,CAR,1530
2024-12-27,CAR,1522
2024-12-28,CAR,1532
2024-12-31,CAR,1521
2025-01-02,CAR,1533
2025-01-04,CAR,1523
2025-01-05,CAR,1531
2025-01-07,CAR,1521
2025-01-09,CAR,1531
2025-01-10,CAR,1538
2025-01-12,CAR,1525
2025-01-15,CAR,1514
2025-01-17,CAR,1525
2025-01-20,CAR,1533
2025-01-21,CAR,1545
2025-01-23,CAR,1553
2025-01-25,CAR,1542
2025-01-28,CAR,1552
2025-01-30,CAR,1557
2025-02-01,CAR,1545
2025-02-04,CAR,1537
2025-02-06,CAR,1528
2025-02-08,CAR,1535
2025-02-22,CAR,1526
2025-02-25,CAR,1516
2025-02-27,CAR,1524
2025-03-01,CAR,1513
2025-03-02,CAR,1521
2025-03-04,CAR,1532
2025-03-06,CAR,1539
2025-03-09,CAR,1550
2025-03-11,CAR,1559
2025-03-14,CAR,1566
2025-03-15,CAR,1573
2025-03-20,CAR,1578
2025-03-22,CAR,1568
2025-03-23,CAR,1576
2025-03-25,CAR,1561
2025-03-28,CAR,1568
2025-03-30,CAR,1574
2025-04-02,CAR,1583
2025-04-04,CAR,1571
2025-04-05,CAR,1557
2024-10-10,CBJ,1491
2024-10-12,CBJ,1502
2024-10-15,CBJ,1491
2024-10-17,CBJ,1500
2024-10-19,CBJ,1489
2024-10-22,CBJ,1499
2024-10-26,CBJ,1489
2024-10-28,CBJ,1498
2024-10-30,CBJ,1506
2024-11-01,CBJ,1497
2024-11-02,CBJ,1489
2024-11-05,CBJ,1479
2024-11-09,CBJ,1471
2024-11-10,CBJ,1461
2024-11-12,CBJ,1452
2024-11-15,CBJ,1461
2024-11-16,CBJ,1452
2024-11-18,CBJ,1464
2024-11-21,CBJ,1475
2024-11-23,CBJ,1487
2024-11-27,CBJ,1475
2024-11-29,CBJ,1485
2024-12-01,CBJ,1495
2024-12-03,CBJ,1486
2024-12-05,CBJ,1478
2024-12-06,CBJ,1470
2024-12-08,CBJ,1484
2024-12-10,CBJ,1473
2024-12-12,CBJ,1465
2024-12-14,CBJ,1453
2024-12-15,CBJ,1446
2024-12-17,CBJ,1439
2024-12-19,CBJ,1451
2024-12-21,CBJ,1443
2024-12-23,CBJ,1453
2024-12-27,CBJ,1464
2024-12-28,CBJ,1456
2024-12-31,CBJ,1467
2025-01-02,CBJ,1455
2025-01-04,CBJ,1465
2025-01-07,CBJ,1476
2025-01-09,CBJ,1484
2025-01-11,CBJ,1495
2025-01-14,CBJ,1503
2025-01-16,CBJ,1509
2025-01-18,CBJ,1499
2025-01-20,CBJ,1489
2025-01-22,CBJ,1502
2025-01-23,CBJ,1494
2025-01-25,CBJ,1504
2025-01-30,CBJ,1516
2025-01-31,CBJ,1525
2025-02-02,CBJ,1518
2025-02-04,CBJ,1507
2025-02-06,CBJ,1494
2025-02-08,CBJ,1483
2025-02-22,CBJ,1489
2025-02-25,CBJ,1501
2025-02-27,CBJ,1513
2025-03-01,CBJ,1523
2025-03-04,CBJ,1515
2025-03-06,CBJ,1508
2025-03-09,CBJ,1519
2025-03-11,CBJ,1509
2025-03-13,CBJ,1498
2025-03-15,CBJ,1487
2025-03-17,CBJ,1477
2025-03-20,CBJ,1469
2025-03-21,CBJ,1459
2025-03-24,CBJ,1471
2025-03-28,CBJ,1481
2025-03-29,CBJ,1474
2025-04-01,CBJ,1482
2025-04-03,CBJ,1474
2025-04-05,CBJ,1468
2025-04-06,CBJ,1461
2024-10-09,CGY,1511
2024-10-12,CGY,1520
2024-10-13,CGY,1530
2024-10-15,CGY,1538
2024-10-19,CGY,1528
2024-10-22,CGY,1536
2024-10-24,CGY,1524
2024-10-26,CGY,1514
2024-10-28,CGY,1505
2024-10-30,CGY,1495
2024-11-01,CGY,1504
2024-11-03,CGY,1493
2024-11-05,CGY,1503
2024-11-07,CGY,1493
2024-11-09,CGY,1484
2024-11-11,CGY,1494
2024-11-12,CGY,1485
2024-11-15,CGY,1493
2024-11-19,CGY,1501
2024-11-21,CGY,1512
2024-11-23,CGY,1522
2024-11-25,CGY,1511
2024-11-27,CGY,1501
2024-11-29,CGY,1491
2024-11-30,CGY,1481
2024-12-03,CGY,1490
2024-12-05,CGY,1479
2024-12-08,CGY,1472
2024-12-10,CGY,1481
2024-12-12,CGY,1471
2024-12-14,CGY,1482
2024-12-17,CGY,1472
2024-12-19,CGY,1462
2024-12-21,CGY,1471
2024-12-28,CGY,1480
2024-12-29,CGY,1474
2024-12-31,CGY,1483
2025-01-02,CGY,1472
2025-01-04,CGY,1460
2025-01-07,CGY,1472
2025-01-11,CGY,1484
2025-01-13,CGY,1493
2025-01-14,CGY,1483
2025-01-16,CGY,1474
2025-01-18,CGY,1488
2025-01-23,CGY,1496
2025-01-25,CGY,1508
2025-01-26,CGY,1500
2025-01-28,CGY,1491
2025-01-30,CGY,1499
2025-02-01,CGY,1489
2025-02-02,CGY,1499
2025-02-04,CGY,1489
2025-02-06,CGY,1479
2025-02-08,CGY,1467
2025-02-23,CGY,1473
2025-02-25,CGY,1487
2025-02-27,CGY,1480
2025-03-01,CGY,1473
2025-03-02,CGY,1465
2025-03-04,CGY,1476
2025-03-06,CGY,1470
2025-03-08,CGY,1480
2025-03-12,CGY,1469
2025-03-14,CGY,1461
2025-03-17,CGY,1454
2025-03-18,CGY,1466
2025-03-20,CGY,1478
2025-03-22,CGY,1490
2025-03-25,CGY,1498
2025-03-27,CGY,1490
2025-03-29,CGY,1482
2025-03-31,CGY,1496
2025-04-01,CGY,1486
2025-04-03,CGY,1495
2025-04-05,CGY,1485
2025-04-07,CGY,1492
2024-10-08,CHI,1491
2024-10-11,CHI,1483
2024-10-12,CHI,1494
2024-10-15,CHI,1486
2024-10-17,CHI,1495
2024-10-19,CHI,1484
2024-10-22,CHI,1473
2024-10-25,CHI,1462
2024-10-26,CHI,1455
2024-10-28,CHI,1468
2024-10-31,CHI,1458
2024-11-02,CHI,1471
2024-11-03,CHI,1482
2024-11-06,CHI,1471
2024-11-07,CHI,1463
2024-11-10,CHI,1475
2024-11-14,CHI,1466
2024-11-16,CHI,1458
2024-11-19,CHI,1447
2024-11-21,CHI,1459
2024-11-23,CHI,1450
2024-11-27,CHI,1462
2024-11-29,CHI,1455
2024-12-01,CHI,1445
2024-12-02,CHI,1439
2024-12-04,CHI,1429
2024-12-07,CHI,1422
2024-12-09,CHI,1435
2024-12-12,CHI,1426
2024-12-14,CHI,1420
2024-12-15,CHI,1430
2024-12-17,CHI,1443
2024-12-19,CHI,1453
2024-12-21,CHI,1444
2024-12-23,CHI,1437
2024-12-27,CHI,1427
2024-12-29,CHI,1419
2024-12-31,CHI,1410
2025-01-03,CHI,1422
2025-01-05,CHI,1412
2025-01-08,CHI,1426
2025-01-10,CHI,1419
2025-01-11,CHI,1412
2025-01-13,CHI,1403
2025-01-16,CHI,1395
2025-01-18,CHI,1409
2025-01-20,CHI,1401
2025-01-24,CHI,1393
2025-01-26,CHI,1386
2025-01-28,CHI,1400
2025-01-30,CHI,1395
2025-02-01,CHI,1390
2025-02-05,CHI,1384
2025-02-07,CHI,1394
2025-02-08,CHI,1387
2025-02-22,CHI,1381
2025-02-23,CHI,1375
2025-02-25,CHI,1368
2025-02-27,CHI,1363
2025-03-01,CHI,1378
2025-03-03,CHI,1391
2025-03-05,CHI,1383
2025-03-07,CHI,1395
2025-03-08,CHI,1387
2025-03-10,CHI,1383
2025-03-13,CHI,1373
2025-03-15,CHI,1367
2025-03-18,CHI,1358
2025-03-20,CHI,1352
2025-03-22,CHI,1347
2025-03-23,CHI,1358
2025-03-26,CHI,1350
2025-03-28,CHI,1344
2025-03-30,CHI,1336
2025-04-02,CHI,1331
2025-04-04,CHI,1328
2025-04-06,CHI,1341
2024-10-09,COL,1491
2024-10-12,COL,1480
2024-10-14,COL,1469
2024-10-16,COL,1459
2024-10-18,COL,1470
2024-10-20,COL,1481
2024-10-22,COL,1493
2024-10-24,COL,1504
2024-10-27,COL,1513
2024-10-28,COL,1500
2024-10-30,COL,1490
2024-11-02,COL,1480
2024-11-05,COL,1489
2024-11-07,COL,1483
2024-11-09,COL,1495
2024-11-11,COL,1503
2024-11-13,COL,1512
2024-11-15,COL,1502
2024-11-18,COL,1513
2024-11-21,COL,1525
2024-11-23,COL,1536
2024-11-25,COL,1526
2024-11-27,COL,1536
2024-11-29,COL,1527
2024-11-30,COL,1516
2024-12-03,COL,1526
2024-12-05,COL,1517
2024-12-07,COL,1526
2024-12-08,COL,1538
2024-12-10,COL,1547
2024-12-12,COL,1534
2024-12-14,COL,1540
2024-12-16,COL,1530
2024-12-19,COL,1538
2024-12-20,COL,1547
2024-12-22,COL,1554
2024-12-27,COL,1563
2024-12-31,COL,1573
2025-01-02,COL,1578
2025-01-04,COL,1565
2025-01-06,COL,1574
2025-01-08,COL,1560
2025-01-09,COL,1571
2025-01-11,COL,1561
2025-01-14,COL,1568
2025-01-16,COL,1558
2025-01-18,COL,1567
2025-01-20,COL,1555
2025-01-22,COL,1544
2025-01-25,COL,1533
2025-01-26,COL,1543
2025-01-28,COL,1532
2025-01-31,COL,1539
2025-02-02,COL,1546
2025-02-04,COL,1535
2025-02-06,COL,1545
2025-02-07,COL,1557
2025-02-22,COL,1544
2025-02-23,COL,1532
2025-02-26,COL,1540
2025-02-28,COL,1549
2025-03-04,COL,1554
2025-03-06,COL,1558
2025-03-08,COL,1567
2025-03-10,COL,1571
2025-03-11,COL,1560
2025-03-14,COL,1568
2025-03-16,COL,1578
2025-03-19,COL,1568
2025-03-20,COL,1578
2025-03-22,COL,1587
2025-03-25,COL,1593
2025-03-27,COL,1601
2025-03-29,COL,1589
2025-03-31,COL,1575
2025-04-02,COL,1580
2025-04-03,COL,1588
2025-04-05,COL,1579
2024-10-10,DAL,1511
2024-10-12,DAL,1519
2024-10-13,DAL,1527
2024-10-15,DAL,1535
2024-10-17,DAL,1525
2024-10-19,DAL,1533
2024-10-22,DAL,1523
2024-10-24,DAL,1533
2024-10-26,DAL,1540
2024-11-01,DAL,1529
2024-11-02,DAL,1520
2024-11-07,DAL,1528
2024-11-09,DAL,1521
2024-11-11,DAL,1531
2024-11-14,DAL,1539
2024-11-16,DAL,1550
2024-11-18,DAL,1537
2024-11-20,DAL,1543
2024-11-23,DAL,1553
2024-11-25,DAL,1544
2024-11-27,DAL,1532
2024-11-29,DAL,1541
2024-12-01,DAL,1551
2024-12-02,DAL,1560
2024-12-04,DAL,1550
2024-12-06,DAL,1541
2024-12-08,DAL,1548
2024-12-12,DAL,1533
2024-12-14,DAL,1541
2024-12-16,DAL,1552
2024-12-18,DAL,1541
2024-12-20,DAL,1528
2024-12-23,DAL,1538
2024-12-27,DAL,1527
2024-12-29,DAL,1535
2024-12-31,DAL,1541
2025-01-02,DAL,1550
2025-01-04,DAL,1557
2025-01-07,DAL,1565
2025-01-09,DAL,1573
2025-01-11,DAL,1583
2025-01-12,DAL,1571
2025-01-14,DAL,1581
2025-01-16,DAL,1568
2025-01-18,DAL,1559
2025-01-19,DAL,1566
2025-01-21,DAL,1554
2025-01-24,DAL,1563
2025-01-25,DAL,1572
2025-01-28,DAL,1582
2025-01-31,DAL,1588
2025-02-02,DAL,1595
2025-02-04,DAL,1583
2025-02-07,DAL,1572
2025-02-08,DAL,1577
2025-02-22,DAL,1586
2025-02-23,DAL,1595
2025-02-25,DAL,1583
2025-02-28,DAL,1590
2025-03-02,DAL,1596
2025-03-04,DAL,1602
2025-03-06,DAL,1608
2025-03-08,DAL,1597
2025-03-09,DAL,1605
2025-03-14,DAL,1596
2025-03-16,DAL,1586
2025-03-18,DAL,1592
2025-03-20,DAL,1580
2025-03-22,DAL,1585
2025-03-24,DAL,1592
2025-03-26,DAL,1602
2025-03-27,DAL,1610
2025-03-29,DAL,1617
2025-03-31,DAL,1623
2025-04-03,DAL,1627
2025-04-05,DAL,1611
2025-04-06,DAL,1598
2024-10-10,DET,1489
2024-10-12,DET,1498
2024-10-14,DET,1489
2024-10-17,DET,1479
2024-10-19,DET,1489
2024-10-22,DET,1500
2024-10-24,DET,1509
2024-10-26,DET,1500
2024-10-27,DET,1488
2024-10-30,DET,1479
2024-11-02,DET,1488
2024-11-06,DET,1499
2024-11-08,DET,1490
2024-11-09,DET,1480
2024-11-13,DET,1491
2024-11-15,DET,1481
2024-11-16,DET,1473
2024-11-18,DET,1463
2024-11-21,DET,1472
2024-11-23,DET,1461
2024-11-25,DET,1472
2024-11-27,DET,1482
2024-11-29,DET,1472
2024-12-01,DET,1462
2024-12-03,DET,1453
2024-12-05,DET,1444
2024-12-07,DET,1435
2024-12-09,DET,1447
2024-12-12,DET,1439
2024-12-14,DET,1451
2024-12-18,DET,1461
2024-12-20,DET,1450
2024-12-21,DET,1441
2024-12-23,DET,1431
2024-12-27,DET,1423
2024-12-29,DET,1437
2024-12-31,DET,1447
2025-01-02,DET,1459
2025-01-04,DET,1473
2025-01-07,DET,1483
2025-01-10,DET,1490
2025-01-12,DET,1498
2025-01-14,DET,1484
2025-01-16,DET,1497
2025-01-18,DET,1489
2025-01-19,DET,1482
2025-01-21,DET,1473
2025-01-23,DET,1484
2025-01-25,DET,1494
2025-01-27,DET,1504
2025-01-30,DET,1518
2025-02-01,DET,1528
2025-02-02,DET,1537
2025-02-04,DET,1545
2025-02-08,DET,1533
2025-02-22,DET,1522
2025-02-23,DET,1531
2025-02-25,DET,1543
2025-02-27,DET,1531
2025-03-01,DET,1521
2025-03-04,DET,1510
2025-03-06,DET,1498
2025-03-07,DET,1491
2025-03-10,DET,1483
2025-03-12,DET,1491
2025-03-14,DET,1484
2025-03-16,DET,1494
2025-03-18,DET,1487
2025-03-22,DET,1479
2025-03-24,DET,1490
2025-03-25,DET,1484
2025-03-27,DET,1474
2025-03-29,DET,1481
2025-04-01,DET,1474
2025-04-04,DET,1486
2025-04-06,DET,1496
2024-10-09,EDM,1489
2024-10-12,EDM,1478
2024-10-13,EDM,1468
2024-10-15,EDM,1478
2024-10-17,EDM,1489
2024-10-19,EDM,1481
2024-10-22,EDM,1471
2024-10-25,EDM,1480
2024-10-27,EDM,1492
2024-10-28,EDM,1483
2024-10-31,EDM,1494
2024-11-03,EDM,1505
2024-11-04,EDM,1493
2024-11-06,EDM,1483
2024-11-09,EDM,1495
2024-11-12,EDM,1504
2024-11-14,EDM,1511
2024-11-16,EDM,1502
2024-11-18,EDM,1492
2024-11-19,EDM,1503
2024-11-21,EDM,1493
2024-11-23,EDM,1504
2024-11-29,EDM,1514
2024-11-30,EDM,1525
2024-12-03,EDM,1516
2024-12-05,EDM,1524
2024-12-07,EDM,1532
2024-12-10,EDM,1541
2024-12-12,EDM,1553
2024-12-14,EDM,1563
2024-12-16,EDM,1551
2024-12-19,EDM,1559
2024-12-21,EDM,1564
2024-12-22,EDM,1572
2024-12-28,EDM,1562
2024-12-29,EDM,1550
2024-12-31,EDM,1557
2025-01-03,EDM,1564
2025-01-04,EDM,1572
2025-01-07,EDM,1580
2025-01-09,EDM,1567
2025-01-11,EDM,1574
2025-01-13,EDM,1583
2025-01-15,EDM,1593
2025-01-16,EDM,1603
2025-01-18,EDM,1590
2025-01-21,EDM,1579
2025-01-23,EDM,1585
2025-01-25,EDM,1590
2025-01-27,EDM,1596
2025-01-30,EDM,1582
2025-02-01,EDM,1570
2025-02-04,EDM,1578
2025-02-05,EDM,1584
2025-02-07,EDM,1572
2025-02-22,EDM,1560
2025-02-23,EDM,1552
2025-02-25,EDM,1543
2025-02-27,EDM,1534
2025-03-01,EDM,1545
2025-03-04,EDM,1532
2025-03-06,EDM,1540
2025-03-08,EDM,1551
2025-03-10,EDM,1539
2025-03-13,EDM,1529
2025-03-14,EDM,1539
2025-03-16,EDM,1549
2025-03-18,EDM,1556
2025-03-20,EDM,1546
2025-03-22,EDM,1553
2025-03-26,EDM,1543
2025-03-27,EDM,1531
2025-03-29,EDM,1539
2025-04-01,EDM,1551
2025-04-03,EDM,1557
2025-04-05,EDM,1548
2025-04-07,EDM,1536
2025-02-13,FIN,1489
2025-02-15,FIN,1500
2025-02-17,FIN,1489
2024-10-08,FLA,1509
2024-10-10,FLA,1500
2024-10-12,FLA,1491
2024-10-14,FLA,1503
2024-10-15,FLA,1514
2024-10-17,FLA,1502
2024-10-19,FLA,1511
2024-10-22,FLA,1500
2024-10-24,FLA,1512
2024-10-26,FLA,1522
2024-10-28,FLA,1533
2024-11-01,FLA,1544
2024-11-02,FLA,1553
2024-11-07,FLA,1559
2024-11-09,FLA,1566
2024-11-12,FLA,1553
2024-11-14,FLA,1541
2024-11-16,FLA,1552
2024-11-19,FLA,1544
2024-11-21,FLA,1532
2024-11-23,FLA,1521
2024-11-25,FLA,1511
2024-11-27,FLA,1521
2024-11-29,FLA,1533
2024-11-30,FLA,1543
2024-12-03,FLA,1532
2024-12-05,FLA,1542
2024-12-07,FLA,1549
2024-12-10,FLA,1558
2024-12-12,FLA,1547
2024-12-14,FLA,1536
2024-12-16,FLA,1548
2024-12-18,FLA,1559
2024-12-20,FLA,1566
2024-12-22,FLA,1577
2024-12-23,FLA,1565
2024-12-28,FLA,1551
2024-12-30,FLA,1557
2025-01-02,FLA,1545
2025-01-03,FLA,1552
2025-01-06,FLA,1543
2025-01-08,FLA,1552
2025-01-11,FLA,1539
2025-01-13,FLA,1528
2025-01-14,FLA,1539
2025-01-16,FLA,1526
2025-01-18,FLA,1533
2025-01-21,FLA,1542
2025-01-22,FLA,1533
2025-01-25,FLA,1540
2025-01-26,FLA,1531
2025-01-29,FLA,1540
2025-02-01,FLA,1545
2025-02-02,FLA,1553
2025-02-04,FLA,1545
2025-02-06,FLA,1554
2025-02-08,FLA,1562
2025-02-22,FLA,1548
2025-02-25,FLA,1556
2025-02-27,FLA,1565
2025-03-01,FLA,1572
2025-03-03,FLA,1581
2025-03-06,FLA,1588
2025-03-08,FLA,1593
2025-03-11,FLA,1580
2025-03-13,FLA,1590
2025-03-15,FLA,1578
2025-03-16,FLA,1566
2025-03-20,FLA,1574
2025-03-22,FLA,1566
2025-03-23,FLA,1572
2025-03-28,FLA,1578
2025-03-30,FLA,1564
2025-04-01,FLA,1553
2025-04-02,FLA,1544
2025-04-05,FLA,1535
2025-04-06,FLA,1525
2024-10-10,LAK,1511
2024-10-12,LAK,1502
2024-10-14,LAK,1493
2024-10-16,LAK,1485
2024-10-17,LAK,1496
2024-10-20,LAK,1507
2024-10-22,LAK,1498
2024-10-24,LAK,1505
2024-10-26,LAK,1514
2024-10-29,LAK,1503
2024-10-30,LAK,1513
2024-11-02,LAK,1500
2024-11-04,LAK,1510
2024-11-05,LAK,1522
2024-11-07,LAK,1511
2024-11-09,LAK,1519
2024-11-11,LAK,1509
2024-11-13,LAK,1500
2024-11-16,LAK,1508
2024-11-20,LAK,1497
2024-11-23,LAK,1506
2024-11-25,LAK,1495
2024-11-27,LAK,1507
2024-11-29,LAK,1517
2024-11-30,LAK,1525
2024-12-04,LAK,1535
2024-12-07,LAK,1545
2024-12-10,LAK,1553
2024-12-12,LAK,1543
2024-12-14,LAK,1553
2024-12-17,LAK,1542
2024-12-19,LAK,1551
2024-12-21,LAK,1538
2024-12-22,LAK,1530
2024-12-28,LAK,1540
2024-12-29,LAK,1547
2025-01-01,LAK,1556
2025-01-04,LAK,1564
2025-01-10,LAK,1575
2025-01-11,LAK,1563
2025-01-13,LAK,1554
2025-01-16,LAK,1562
2025-01-18,LAK,1550
2025-01-20,LAK,1536
2025-01-22,LAK,1545
2025-01-25,LAK,1535
2025-01-27,LAK,1525
2025-01-29,LAK,1516
2025-01-30,LAK,1507
2025-02-01,LAK,1519
2025-02-05,LAK,1527
2025-02-07,LAK,1538
2025-02-08,LAK,1526
2025-02-22,LAK,1533
2025-02-24,LAK,1542
2025-02-26,LAK,1529
2025-02-28,LAK,1522
2025-03-01,LAK,1512
2025-03-03,LAK,1499
2025-03-05,LAK,1488
2025-03-08,LAK,1498
2025-03-09,LAK,1511
2025-03-11,LAK,1520
2025-03-13,LAK,1531
2025-03-15,LAK,1538
2025-03-17,LAK,1528
2025-03-20,LAK,1534
2025-03-22,LAK,1544
2025-03-23,LAK,1550
2025-03-25,LAK,1557
2025-03-27,LAK,1549
2025-03-29,LAK,1538
2025-03-30,LAK,1543
2025-04-01,LAK,1554
2025-04-03,LAK,1563
2025-04-05,LAK,1572
2025-04-07,LAK,1558
2024-10-10,MIN,1509
2024-10-12,MIN,1497
2024-10-13,MIN,1489
2024-10-15,MIN,1501
2024-10-19,MIN,1512
2024-10-22,MIN,1523
2024-10-24,MIN,1534
2024-10-26,MIN,1523
2024-10-29,MIN,1532
2024-11-01,MIN,1541
2024-11-03,MIN,1549
2024-11-05,MIN,1537
2024-11-07,MIN,1546
2024-11-08,MIN,1555
2024-11-10,MIN,1543
2024-11-14,MIN,1549
2024-11-16,MIN,1538
2024-11-19,MIN,1547
2024-11-21,MIN,1557
2024-11-23,MIN,1547
2024-11-25,MIN,1537
2024-11-27,MIN,1548
2024-11-29,MIN,1555
2024-11-30,MIN,1561
2024-12-03,MIN,1569
2024-12-06,MIN,1577
2024-12-07,MIN,1567
2024-12-10,MIN,1576
2024-12-12,MIN,1564
2024-12-14,MIN,1571
2024-12-15,MIN,1560
2024-12-18,MIN,1549
2024-12-20,MIN,1537
2024-12-21,MIN,1529
2024-12-23,MIN,1536
2024-12-27,MIN,1547
2024-12-29,MIN,1535
2024-12-31,MIN,1541
2025-01-02,MIN,1553
2025-01-04,MIN,1563
2025-01-07,MIN,1570
2025-01-09,MIN,1559
2025-01-11,MIN,1566
2025-01-12,MIN,1557
2025-01-15,MIN,1547
2025-01-18,MIN,1535
2025-01-20,MIN,1547
2025-01-23,MIN,1534
2025-01-25,MIN,1522
2025-01-26,MIN,1529
2025-01-29,MIN,1540
2025-01-30,MIN,1550
2025-02-01,MIN,1541
2025-02-04,MIN,1530
2025-02-06,MIN,1539
2025-02-08,MIN,1547
2025-02-22,MIN,1558
2025-02-25,MIN,1546
2025-02-27,MIN,1535
2025-02-28,MIN,1526
2025-03-02,MIN,1533
2025-03-04,MIN,1542
2025-03-07,MIN,1531
2025-03-09,MIN,1517
2025-03-11,MIN,1528
2025-03-13,MIN,1516
2025-03-15,MIN,1504
2025-03-17,MIN,1514
2025-03-19,MIN,1522
2025-03-22,MIN,1529
2025-03-24,MIN,1522
2025-03-25,MIN,1512
2025-03-27,MIN,1523
2025-03-29,MIN,1511
2025-03-31,MIN,1502
2025-04-02,MIN,1492
2025-04-04,MIN,1482
2025-04-06,MIN,1495
2024-10-09,MTL,1509
2024-10-10,MTL,1499
2024-10-12,MTL,1508
2024-10-14,MTL,1497
2024-10-17,MTL,1486
2024-10-19,MTL,1477
2024-10-22,MTL,1468
2024-10-26,MTL,1478
2024-10-27,MTL,1489
2024-10-29,MTL,1478
2024-10-31,MTL,1471
2024-11-02,MTL,1462
2024-11-05,MTL,1452
2024-11-07,MTL,1444
2024-11-09,MTL,1437
2024-11-11,MTL,1450
2024-11-14,MTL,1444
2024-11-16,MTL,1453
2024-11-18,MTL,1463
2024-11-23,MTL,1454
2024-11-26,MTL,1443
2024-11-27,MTL,1455
2024-11-30,MTL,1447
2024-12-01,MTL,1439
2024-12-03,MTL,1448
2024-12-05,MTL,1456
2024-12-07,MTL,1448
2024-12-09,MTL,1457
2024-12-12,MTL,1446
2024-12-14,MTL,1440
2024-12-17,MTL,1449
2024-12-20,MTL,1460
2024-12-21,MTL,1469
2024-12-23,MTL,1459
2024-12-28,MTL,1473
2024-12-29,MTL,1486
2024-12-31,MTL,1500
2025-01-03,MTL,1488
2025-01-04,MTL,1501
2025-01-06,MTL,1509
2025-01-10,MTL,1522
2025-01-11,MTL,1512
2025-01-14,MTL,1522
2025-01-16,MTL,1535
2025-01-18,MTL,1524
2025-01-19,MTL,1532
2025-01-21,MTL,1541
2025-01-23,MTL,1530
2025-01-25,MTL,1518
2025-01-28,MTL,1508
2025-01-30,MTL,1498
2025-02-02,MTL,1488
2025-02-04,MTL,1496
2025-02-05,MTL,1488
2025-02-08,MTL,1477
2025-02-09,MTL,1468
2025-02-22,MTL,1481
2025-02-25,MTL,1491
2025-02-27,MTL,1496
2025-03-01,MTL,1506
2025-03-03,MTL,1514
2025-03-06,MTL,1506
2025-03-08,MTL,1496
2025-03-11,MTL,1507
2025-03-12,MTL,1496
2025-03-15,MTL,1508
2025-03-18,MTL,1518
2025-03-20,MTL,1509
2025-03-22,MTL,1500
2025-03-25,MTL,1492
2025-03-27,MTL,1480
2025-03-28,MTL,1473
2025-03-30,MTL,1487
2025-04-01,MTL,1498
2025-04-03,MTL,1504
2025-04-05,MTL,1511
2025-04-06,MTL,1519
2024-10-10,NJD,1489
2024-10-12,NJD,1500
2024-10-14,NJD,1510
2024-10-15,NJD,1500
2024-10-17,NJD,1511
2024-10-19,NJD,1500
2024-10-22,NJD,1489
2024-10-24,NJD,1480
2024-10-25,NJD,1469
2024-10-27,NJD,1479
2024-10-30,NJD,1491
2024-11-01,NJD,1482
2024-11-04,NJD,1494
2024-11-07,NJD,1502
2024-11-09,NJD,1513
2024-11-10,NJD,1500
2024-11-12,NJD,1513
2024-11-14,NJD,1525
2024-11-16,NJD,1516
2024-11-21,NJD,1527
2024-11-23,NJD,1539
2024-11-25,NJD,1546
2024-11-27,NJD,1533
2024-11-29,NJD,1543
2024-11-30,NJD,1533
2024-12-02,NJD,1543
2024-12-06,NJD,1551
2024-12-08,NJD,1539
2024-12-10,NJD,1528
2024-12-12,NJD,1538
2024-12-14,NJD,1544
2024-12-17,NJD,1554
2024-12-19,NJD,1542
2024-12-21,NJD,1549
2024-12-23,NJD,1556
2024-12-27,NJD,1564
2024-12-28,NJD,1554
2024-12-31,NJD,1542
2025-01-01,NJD,1533
2025-01-04,NJD,1520
2025-01-06,NJD,1529
2025-01-09,NJD,1518
2025-01-11,NJD,1527
2025-01-14,NJD,1516
2025-01-16,NJD,1508
2025-01-18,NJD,1496
2025-01-19,NJD,1486
2025-01-22,NJD,1495
2025-01-25,NJD,1507
2025-01-27,NJD,1497
2025-01-29,NJD,1506
2025-02-02,NJD,1495
2025-02-04,NJD,1505
2025-02-06,NJD,1494
2025-02-08,NJD,1505
2025-02-22,NJD,1496
2025-02-23,NJD,1505
2025-02-26,NJD,1497
2025-03-01,NJD,1508
2025-03-02,NJD,1500
2025-03-04,NJD,1494
2025-03-07,NJD,1486
2025-03-09,NJD,1496
2025-03-11,NJD,1506
2025-03-13,NJD,1516
2025-03-15,NJD,1505
2025-03-17,NJD,1515
2025-03-20,NJD,1503
2025-03-22,NJD,1493
2025-03-24,NJD,1481
2025-03-26,NJD,1489
2025-03-28,NJD,1483
2025-03-29,NJD,1495
2025-03-31,NJD,1504
2025-04-05,NJD,1512
2024-10-10,NSH,1489
2024-10-12,NSH,1480
2024-10-15,NSH,1469
2024-10-17,NSH,1458
2024-10-19,NSH,1448
2024-10-22,NSH,1458
2024-10-25,NSH,1469
2024-10-26,NSH,1479
2024-10-28,NSH,1471
2024-10-31,NSH,1460
2024-11-02,NSH,1470
2024-11-04,NSH,1460
2024-11-06,NSH,1453
2024-11-07,NSH,1447
2024-11-09,NSH,1457
2024-11-11,NSH,1449
2024-11-14,NSH,1442
2024-11-15,NSH,1434
2024-11-17,NSH,1447
2024-11-20,NSH,1439
2024-11-23,NSH,1453
2024-11-25,NSH,1446
2024-11-27,NSH,1436
2024-11-29,NSH,1427
2024-11-30,NSH,1421
2024-12-04,NSH,1415
2024-12-05,NSH,1407
2024-12-07,NSH,1400
2024-12-10,NSH,1391
2024-12-12,NSH,1406
2024-12-14,NSH,1400
2024-12-17,NSH,1411
2024-12-19,NSH,1402
2024-12-21,NSH,1415
2024-12-23,NSH,1428
2024-12-27,NSH,1420
2024-12-30,NSH,1415
2024-12-31,NSH,1409
2025-01-03,NSH,1422
2025-01-04,NSH,1434
2025-01-07,NSH,1428
2025-01-11,NSH,1421
2025-01-14,NSH,1435
2025-01-16,NSH,1443
2025-01-18,NSH,1455
2025-01-21,NSH,1462
2025-01-23,NSH,1471
2025-01-25,NSH,1461
2025-01-29,NSH,1450
2025-01-31,NSH,1441
2025-02-01,NSH,1432
2025-02-03,NSH,1424
2025-02-07,NSH,1414
2025-02-08,NSH,1425
2025-02-22,NSH,1438
2025-02-23,NSH,1429
2025-02-25,NSH,1421
2025-02-27,NSH,1436
2025-03-01,NSH,1429
2025-03-02,NSH,1422
2025-03-04,NSH,1434
2025-03-06,NSH,1443
2025-03-08,NSH,1451
2025-03-11,NSH,1459
2025-03-14,NSH,1450
2025-03-15,NSH,1443
2025-03-18,NSH,1434
2025-03-20,NSH,1424
2025-03-22,NSH,1437
2025-03-23,NSH,1431
2025-03-25,NSH,1446
2025-03-27,NSH,1438
2025-03-29,NSH,1430
2025-03-31,NSH,1421
2025-04-01,NSH,1413
2025-04-03,NSH,1409
2025-04-06,NSH,1401
2024-10-10,NYI,1489
2024-10-12,NYI,1481
2024-10-14,NYI,1492
2024-10-17,NYI,1483
2024-10-19,NYI,1492
2024-10-22,NYI,1481
2024-10-25,NYI,1492
2024-10-26,NYI,1482
2024-10-29,NYI,1471
2024-10-30,NYI,1463
2024-11-01,NYI,1475
2024-11-03,NYI,1468
2024-11-05,NYI,1477
2024-11-07,NYI,1489
2024-11-09,NYI,1478
2024-11-12,NYI,1469
2024-11-14,NYI,1481
2024-11-16,NYI,1472
2024-11-19,NYI,1464
2024-11-21,NYI,1455
2024-11-23,NYI,1465
2024-11-25,NYI,1454
2024-11-27,NYI,1443
2024-11-29,NYI,1437
2024-11-30,NYI,1448
2024-12-03,NYI,1439
2024-12-05,NYI,1429
2024-12-07,NYI,1441
2024-12-08,NYI,1453
2024-12-10,NYI,1445
2024-12-12,NYI,1454
2024-12-15,NYI,1444
2024-12-17,NYI,1438
2024-12-21,NYI,1452
2024-12-23,NYI,1440
2024-12-28,NYI,1450
2024-12-29,NYI,1442
2024-12-31,NYI,1436
2025-01-02,NYI,1428
2025-01-05,NYI,1441
2025-01-09,NYI,1456
2025-01-11,NYI,1468
2025-01-14,NYI,1458
2025-01-16,NYI,1447
2025-01-18,NYI,1455
2025-01-20,NYI,1465
2025-01-24,NYI,1475
2025-01-25,NYI,1486
2025-01-28,NYI,1497
2025-01-30,NYI,1507
2025-02-01,NYI,1518
2025-02-02,NYI,1510
2025-02-04,NYI,1519
2025-02-07,NYI,1512
2025-02-08,NYI,1504
2025-02-23,NYI,1495
2025-02-25,NYI,1484
2025-02-27,NYI,1494
2025-03-01,NYI,1501
2025-03-03,NYI,1492
2025-03-04,NYI,1504
2025-03-08,NYI,1511
2025-03-09,NYI,1501
2025-03-11,NYI,1492
2025-03-14,NYI,1482
2025-03-16,NYI,1494
2025-03-18,NYI,1504
2025-03-20,NYI,1513
2025-03-22,NYI,1501
2025-03-24,NYI,1489
2025-03-26,NYI,1478
2025-03-29,NYI,1471
2025-03-30,NYI,1465
2025-04-01,NYI,1457
2025-04-04,NYI,1467
2025-04-06,NYI,1479
2024-10-09,NYR,1511
2024-10-12,NYR,1500
2024-10-14,NYR,1509
2024-10-17,NYR,1519
2024-10-19,NYR,1530
2024-10-22,NYR,1539
2024-10-24,NYR,1527
2024-10-26,NYR,1535
2024-10-29,NYR,1526
2024-11-01,NYR,1535
2024-11-03,NYR,1542
2024-11-07,NYR,1529
2024-11-09,NYR,1539
2024-11-12,NYR,1530
2024-11-14,NYR,1537
2024-11-17,NYR,1547
2024-11-19,NYR,1557
2024-11-21,NYR,1546
2024-11-23,NYR,1535
2024-11-25,NYR,1522
2024-11-27,NYR,1514
2024-11-29,NYR,1504
2024-11-30,NYR,1512
2024-12-02,NYR,1502
2024-12-06,NYR,1510
2024-12-08,NYR,1498
2024-12-09,NYR,1485
2024-12-11,NYR,1495
2024-12-14,NYR,1485
2024-12-15,NYR,1476
2024-12-17,NYR,1465
2024-12-20,NYR,1478
2024-12-22,NYR,1469
2024-12-23,NYR,1462
2024-12-28,NYR,1455
2024-12-30,NYR,1449
2025-01-02,NYR,1460
2025-01-04,NYR,1454
2025-01-05,NYR,1464
2025-01-07,NYR,1456
2025-01-09,NYR,1467
2025-01-11,NYR,1481
2025-01-14,NYR,1474
2025-01-16,NYR,1484
2025-01-18,NYR,1494
2025-01-19,NYR,1486
2025-01-21,NYR,1496
2025-01-23,NYR,1505
2025-01-26,NYR,1495
2025-01-28,NYR,1485
2025-02-01,NYR,1476
2025-02-02,NYR,1486
2025-02-05,NYR,1495
2025-02-07,NYR,1482
2025-02-08,NYR,1493
2025-02-22,NYR,1483
2025-02-23,NYR,1493
2025-02-25,NYR,1504
2025-02-28,NYR,1495
2025-03-02,NYR,1502
2025-03-03,NYR,1511
2025-03-05,NYR,1501
2025-03-08,NYR,1492
2025-03-09,NYR,1481
2025-03-11,NYR,1475
2025-03-13,NYR,1487
2025-03-15,NYR,1498
2025-03-16,NYR,1488
2025-03-18,NYR,1476
2025-03-20,NYR,1467
2025-03-22,NYR,1476
2025-03-25,NYR,1469
2025-03-28,NYR,1460
2025-03-29,NYR,1468
2025-04-02,NYR,1478
2025-04-05,NYR,1470
2025-04-07,NYR,1461
2024-10-10,OTT,1509
2024-10-12,OTT,1500
2024-10-14,OTT,1509
2024-10-17,OTT,1498
2024-10-19,OTT,1508
2024-10-22,OTT,1519
2024-10-25,OTT,1510
2024-10-27,OTT,1501
2024-10-29,OTT,1510
2024-11-01,OTT,1501
2024-11-02,OTT,1510
2024-11-05,OTT,1500
2024-11-07,OTT,1488
2024-11-09,OTT,1499
2024-11-12,OTT,1510
2024-11-14,OTT,1498
2024-11-16,OTT,1491
2024-11-19,OTT,1480
2024-11-21,OTT,1470
2024-11-23,OTT,1460
2024-11-25,OTT,1471
2024-11-27,OTT,1481
2024-11-30,OTT,1473
2024-12-01,OTT,1464
2024-12-05,OTT,1473
2024-12-07,OTT,1480
2024-12-08,OTT,1468
2024-12-11,OTT,1476
2024-12-13,OTT,1489
2024-12-14,OTT,1498
2024-12-17,OTT,1509
2024-12-19,OTT,1519
2024-12-21,OTT,1529
2024-12-22,OTT,1521
2024-12-28,OTT,1514
2024-12-29,OTT,1526
2025-01-02,OTT,1517
2025-01-03,OTT,1507
2025-01-07,OTT,1497
2025-01-09,OTT,1484
2025-01-11,OTT,1494
2025-01-12,OTT,1506
2025-01-14,OTT,1516
2025-01-16,OTT,1506
2025-01-18,OTT,1514
2025-01-19,OTT,1524
2025-01-21,OTT,1514
2025-01-23,OTT,1504
2025-01-25,OTT,1514
2025-01-26,OTT,1522
2025-01-30,OTT,1533
2025-02-01,OTT,1542
2025-02-03,OTT,1550
2025-02-04,OTT,1540
2025-02-06,OTT,1530
2025-02-08,OTT,1522
2025-02-22,OTT,1509
2025-02-26,OTT,1501
2025-03-01,OTT,1506
2025-03-03,OTT,1498
2025-03-05,OTT,1506
2025-03-08,OTT,1515
2025-03-10,OTT,1523
2025-03-11,OTT,1532
2025-03-13,OTT,1539
2025-03-15,OTT,1550
2025-03-18,OTT,1540
2025-03-20,OTT,1530
2025-03-22,OTT,1540
2025-03-25,OTT,1529
2025-03-27,OTT,1539
2025-03-29,OTT,1546
2025-03-30,OTT,1534
2025-04-01,OTT,1521
2025-04-03,OTT,1532
2025-04-05,OTT,1541
2025-04-06,OTT,1548
2024-10-11,PHI,1511
2024-10-12,PHI,1502
2024-10-15,PHI,1492
2024-10-17,PHI,1483
2024-10-19,PHI,1472
2024-10-22,PHI,1462
2024-10-23,PHI,1455
2024-10-26,PHI,1466
2024-10-27,PHI,1455
2024-10-29,PHI,1467
2024-10-31,PHI,1477
2024-11-02,PHI,1466
2024-11-05,PHI,1460
2024-11-07,PHI,1472
2024-11-09,PHI,1465
2024-11-11,PHI,1474
2024-11-14,PHI,1486
2024-11-16,PHI,1496
2024-11-18,PHI,1485
2024-11-20,PHI,1476
2024-11-23,PHI,1485
2024-11-25,PHI,1476
2024-11-27,PHI,1486
2024-11-29,PHI,1496
2024-11-30,PHI,1507
2024-12-05,PHI,1497
2024-12-07,PHI,1488
2024-12-08,PHI,1477
2024-12-10,PHI,1488
2024-12-12,PHI,1496
2024-12-14,PHI,1489
2024-12-18,PHI,1479
2024-12-19,PHI,1470
2024-12-21,PHI,1478
2024-12-23,PHI,1469
2024-12-28,PHI,1480
2024-12-29,PHI,1473
2024-12-31,PHI,1482
2025-01-02,PHI,1476
2025-01-05,PHI,1469
2025-01-07,PHI,1461
2025-01-09,PHI,1453
2025-01-11,PHI,1462
2025-01-13,PHI,1473
2025-01-14,PHI,1465
2025-01-16,PHI,1476
2025-01-18,PHI,1488
2025-01-21,PHI,1497
2025-01-23,PHI,1488
2025-01-24,PHI,1478
2025-01-27,PHI,1488
2025-01-29,PHI,1479
2025-01-30,PHI,1469
2025-02-02,PHI,1462
2025-02-04,PHI,1452
2025-02-06,PHI,1445
2025-02-08,PHI,1454
2025-02-22,PHI,1466
2025-02-25,PHI,1474
2025-02-27,PHI,1463
2025-03-01,PHI,1478
2025-03-04,PHI,1467
2025-03-06,PHI,1459
2025-03-08,PHI,1447
2025-03-09,PHI,1437
2025-03-11,PHI,1428
2025-03-13,PHI,1441
2025-03-15,PHI,1434
2025-03-17,PHI,1428
2025-03-20,PHI,1423
2025-03-22,PHI,1418
2025-03-23,PHI,1407
2025-03-25,PHI,1402
2025-03-27,PHI,1414
2025-03-29,PHI,1425
2025-03-31,PHI,1434
2025-04-05,PHI,1427
2024-10-09,PIT,1489
2024-10-10,PIT,1500
2024-10-12,PIT,1491
2024-10-14,PIT,1502
2024-10-16,PIT,1511
2024-10-18,PIT,1500
2024-10-20,PIT,1492
2024-10-22,PIT,1484
2024-10-25,PIT,1475
2024-10-26,PIT,1467
2024-10-29,PIT,1458
2024-10-31,PIT,1468
2024-11-02,PIT,1477
2024-11-05,PIT,1468
2024-11-07,PIT,1462
2024-11-08,PIT,1475
2024-11-11,PIT,1465
2024-11-13,PIT,1454
2024-11-15,PIT,1445
2024-11-16,PIT,1454
2024-11-19,PIT,1445
2024-11-22,PIT,1438
2024-11-23,PIT,1428
2024-11-27,PIT,1439
2024-11-29,PIT,1451
2024-11-30,PIT,1461
2024-12-03,PIT,1472
2024-12-06,PIT,1464
2024-12-07,PIT,1475
2024-12-10,PIT,1466
2024-12-12,PIT,1477
2024-12-14,PIT,1468
2024-12-17,PIT,1479
2024-12-19,PIT,1488
2024-12-21,PIT,1481
2024-12-23,PIT,1490
2024-12-28,PIT,1480
2024-12-29,PIT,1488
2024-12-31,PIT,1478
2025-01-03,PIT,1471
2025-01-05,PIT,1463
2025-01-07,PIT,1452
2025-01-09,PIT,1465
2025-01-11,PIT,1455
2025-01-12,PIT,1446
2025-01-14,PIT,1435
2025-01-17,PIT,1446
2025-01-18,PIT,1440
2025-01-20,PIT,1454
2025-01-23,PIT,1445
2025-01-25,PIT,1436
2025-01-27,PIT,1425
2025-01-29,PIT,1437
2025-02-01,PIT,1446
2025-02-04,PIT,1436
2025-02-07,PIT,1449
2025-02-08,PIT,1440
2025-02-22,PIT,1433
2025-02-23,PIT,1423
2025-02-25,PIT,1415
2025-02-27,PIT,1426
2025-03-01,PIT,1416
2025-03-02,PIT,1410
2025-03-04,PIT,1405
2025-03-07,PIT,1400
2025-03-09,PIT,1414
2025-03-11,PIT,1427
2025-03-13,PIT,1438
2025-03-15,PIT,1449
2025-03-18,PIT,1439
2025-03-21,PIT,1449
2025-03-23,PIT,1443
2025-03-25,PIT,1437
2025-03-27,PIT,1429
2025-03-30,PIT,1441
2025-04-03,PIT,1436
2025-04-05,PIT,1452
2025-04-06,PIT,1439
2024-10-08,SEA,1489
2024-10-12,SEA,1501
2024-10-13,SEA,1493
2024-10-15,SEA,1504
2024-10-17,SEA,1513
2024-10-19,SEA,1523
2024-10-22,SEA,1511
2024-10-24,SEA,1501
2024-10-26,SEA,1491
2024-10-29,SEA,1502
2024-10-31,SEA,1493
2024-11-02,SEA,1484
2024-11-03,SEA,1475
2024-11-05,SEA,1466
2024-11-08,SEA,1477
2024-11-12,SEA,1486
2024-11-14,SEA,1495
2024-11-16,SEA,1504
2024-11-17,SEA,1494
2024-11-20,SEA,1502
2024-11-23,SEA,1493
2024-11-25,SEA,1504
2024-11-27,SEA,1492
2024-11-29,SEA,1481
2024-11-30,SEA,1469
2024-12-03,SEA,1482
2024-12-05,SEA,1492
2024-12-06,SEA,1484
2024-12-08,SEA,1496
2024-12-10,SEA,1487
2024-12-12,SEA,1496
2024-12-14,SEA,1486
2024-12-17,SEA,1475
2024-12-19,SEA,1465
2024-12-21,SEA,1459
2024-12-22,SEA,1452
2024-12-28,SEA,1464
2024-12-30,SEA,1474
2025-01-02,SEA,1463
2025-01-04,SEA,1455
2025-01-06,SEA,1446
2025-01-09,SEA,1438
2025-01-11,SEA,1449
2025-01-12,SEA,1441
2025-01-14,SEA,1452
2025-01-16,SEA,1446
2025-01-18,SEA,1458
2025-01-20,SEA,1466
2025-01-23,SEA,1459
2025-01-25,SEA,1468
2025-01-27,SEA,1462
2025-01-28,SEA,1451
2025-01-30,SEA,1458
2025-02-02,SEA,1448
2025-02-04,SEA,1440
2025-02-06,SEA,1432
2025-02-08,SEA,1444
2025-02-22,SEA,1458
2025-02-23,SEA,1451
2025-02-25,SEA,1442
2025-03-01,SEA,1452
2025-03-04,SEA,1443
2025-03-06,SEA,1434
2025-03-08,SEA,1446
2025-03-09,SEA,1440
2025-03-12,SEA,1451
2025-03-14,SEA,1461
2025-03-16,SEA,1454
2025-03-18,SEA,1463
2025-03-19,SEA,1455
2025-03-22,SEA,1448
2025-03-25,SEA,1440
2025-03-27,SEA,1452
2025-03-29,SEA,1445
2025-03-31,SEA,1439
2025-04-02,SEA,1451
2025-04-05,SEA,1459
2025-04-07,SEA,1473
2024-10-10,SJS,1489
2024-10-12,SJS,1478
2024-10-15,SJS,1470
2024-10-17,SJS,1461
2024-10-18,SJS,1454
2024-10-20,SJS,1443
2024-10-22,SJS,1435
2024-10-24,SJS,1428
2024-10-26,SJS,1421
2024-10-28,SJS,1434
2024-10-29,SJS,1445
2024-10-31,SJS,1455
2024-11-02,SJS,1445
2024-11-05,SJS,1455
2024-11-07,SJS,1446
2024-11-10,SJS,1459
2024-11-11,SJS,1450
2024-11-14,SJS,1443
2024-11-16,SJS,1434
2024-11-18,SJS,1444
2024-11-20,SJS,1438
2024-11-21,SJS,1430
2024-11-23,SJS,1421
2024-11-25,SJS,1432
2024-11-27,SJS,1422
2024-11-29,SJS,1433
2024-11-30,SJS,1445
2024-12-03,SJS,1459
2024-12-05,SJS,1451
2024-12-07,SJS,1444
2024-12-10,SJS,1438
2024-12-12,SJS,1451
2024-12-14,SJS,1441
2024-12-17,SJS,1433
2024-12-19,SJS,1425
2024-12-21,SJS,1420
2024-12-23,SJS,1413
2024-12-27,SJS,1407
2024-12-28,SJS,1398
2024-12-31,SJS,1389
2025-01-02,SJS,1402
2025-01-04,SJS,1415
2025-01-07,SJS,1409
2025-01-10,SJS,1402
2025-01-11,SJS,1395
2025-01-14,SJS,1409
2025-01-16,SJS,1403
2025-01-18,SJS,1395
2025-01-20,SJS,1388
2025-01-21,SJS,1381
2025-01-23,SJS,1372
2025-01-25,SJS,1365
2025-01-27,SJS,1376
2025-01-30,SJS,1369
2025-02-04,SJS,1361
2025-02-06,SJS,1353
2025-02-08,SJS,1348
2025-02-23,SJS,1342
2025-02-24,SJS,1339
2025-02-27,SJS,1334
2025-03-01,SJS,1329
2025-03-03,SJS,1346
2025-03-04,SJS,1360
2025-03-06,SJS,1356
2025-03-08,SJS,1349
2025-03-11,SJS,1341
2025-03-13,SJS,1351
2025-03-15,SJS,1346
2025-03-20,SJS,1341
2025-03-22,SJS,1353
2025-03-27,SJS,1368
2025-03-29,SJS,1360
2025-03-30,SJS,1355
2025-04-01,SJS,1349
2025-04-03,SJS,1343
2025-04-05,SJS,1335
2025-04-07,SJS,1328
2024-10-08,STL,1511
2024-10-10,STL,1522
2024-10-11,STL,1513
2024-10-15,STL,1501
2024-10-17,STL,1510
2024-10-19,STL,1519
2024-10-22,STL,1509
2024-10-24,STL,1520
2024-10-26,STL,1510
2024-10-29,STL,1501
2024-10-31,STL,1491
2024-11-02,STL,1501
2024-11-05,STL,1511
2024-11-07,STL,1499
2024-11-09,STL,1489
2024-11-12,STL,1478
2024-11-14,STL,1470
2024-11-16,STL,1481
2024-11-17,STL,1474
2024-11-19,STL,1465
2024-11-21,STL,1473
2024-11-23,STL,1463
2024-11-25,STL,1476
2024-11-27,STL,1489
2024-11-30,STL,1478
2024-12-03,STL,1491
2024-12-05,STL,1502
2024-12-07,STL,1494
2024-12-10,STL,1505
2024-12-12,STL,1492
2024-12-14,STL,1484
2024-12-15,STL,1493
2024-12-17,STL,1483
2024-12-19,STL,1476
2024-12-20,STL,1469
2024-12-23,STL,1479
2024-12-27,STL,1487
2024-12-29,STL,1474
2024-12-31,STL,1483
2025-01-03,STL,1493
2025-01-04,STL,1483
2025-01-07,STL,1476
2025-01-09,STL,1485
2025-01-11,STL,1474
2025-01-14,STL,1484
2025-01-16,STL,1493
2025-01-18,STL,1483
2025-01-20,STL,1496
2025-01-23,STL,1486
2025-01-25,STL,1477
2025-01-27,STL,1465
2025-01-31,STL,1458
2025-02-02,STL,1469
2025-02-04,STL,1461
2025-02-06,STL,1452
2025-02-08,STL,1459
2025-02-22,STL,1452
2025-02-23,STL,1464
2025-02-25,STL,1473
2025-02-27,STL,1487
2025-03-01,STL,1497
2025-03-02,STL,1491
2025-03-05,STL,1502
2025-03-07,STL,1513
2025-03-08,STL,1503
2025-03-13,STL,1492
2025-03-15,STL,1504
2025-03-16,STL,1512
2025-03-18,STL,1521
2025-03-20,STL,1529
2025-03-22,STL,1534
2025-03-23,STL,1540
2025-03-25,STL,1548
2025-03-27,STL,1556
2025-03-29,STL,1568
2025-04-01,STL,1575
2025-04-03,STL,1580
2025-04-05,STL,1589
2025-04-07,STL,1580
2025-02-12,SWE,1489
2025-02-15,SWE,1478
2025-02-17,SWE,1490
2024-10-11,TBL,1511
2024-10-15,TBL,1519
2024-10-17,TBL,1528
2024-10-19,TBL,1518
2024-10-21,TBL,1509
2024-10-22,TBL,1520
2024-10-24,TBL,1509
2024-10-26,TBL,1519
2024-10-28,TBL,1527
2024-10-30,TBL,1537
2024-11-01,TBL,1528
2024-11-03,TBL,1520
2024-11-05,TBL,1510
2024-11-07,TBL,1498
2024-11-14,TBL,1510
2024-11-16,TBL,1519
2024-11-19,TBL,1528
2024-11-21,TBL,1517
2024-11-23,TBL,1507
2024-11-25,TBL,1517
2024-11-27,TBL,1507
2024-11-29,TBL,1516
2024-11-30,TBL,1505
2024-12-05,TBL,1513
2024-12-08,TBL,1524
2024-12-10,TBL,1515
2024-12-12,TBL,1525
2024-12-14,TBL,1535
2024-12-17,TBL,1542
2024-12-19,TBL,1549
2024-12-22,TBL,1538
2024-12-23,TBL,1550
2024-12-28,TBL,1557
2024-12-29,TBL,1544
2025-01-02,TBL,1531
2025-01-04,TBL,1523
2025-01-05,TBL,1513
2025-01-07,TBL,1523
2025-01-09,TBL,1531
2025-01-11,TBL,1522
2025-01-12,TBL,1531
2025-01-14,TBL,1520
2025-01-16,TBL,1527
2025-01-18,TBL,1535
2025-01-20,TBL,1527
2025-01-21,TBL,1518
2025-01-24,TBL,1526
2025-01-25,TBL,1516
2025-01-28,TBL,1502
2025-01-30,TBL,1511
2025-02-01,TBL,1500
2025-02-04,TBL,1510
2025-02-06,TBL,1520
2025-02-08,TBL,1532
2025-02-09,TBL,1541
2025-02-23,TBL,1548
2025-02-25,TBL,1557
2025-02-27,TBL,1564
2025-03-01,TBL,1575
2025-03-03,TBL,1566
2025-03-04,TBL,1574
2025-03-06,TBL,1580
2025-03-08,TBL,1565
2025-03-11,TBL,1556
2025-03-13,TBL,1543
2025-03-15,TBL,1552
2025-03-17,TBL,1558
2025-03-20,TBL,1570
2025-03-22,TBL,1558
2025-03-23,TBL,1548
2025-03-25,TBL,1554
2025-03-27,TBL,1561
2025-03-29,TBL,1568
2025-04-01,TBL,1576
2025-04-03,TBL,1565
2025-04-05,TBL,1554
2025-04-07,TBL,1563
2024-10-09,TOR,1491
2024-10-10,TOR,1502
2024-10-12,TOR,1511
2024-10-16,TOR,1519
2024-10-19,TOR,1508
2024-10-21,TOR,1517
2024-10-22,TOR,1507
2024-10-24,TOR,1496
2024-10-26,TOR,1487
2024-10-28,TOR,1500
2024-10-31,TOR,1509
2024-11-02,TOR,1499
2024-11-03,TOR,1491
2024-11-05,TOR,1500
2024-11-08,TOR,1509
2024-11-09,TOR,1516
2024-11-12,TOR,1505
2024-11-13,TOR,1517
2024-11-16,TOR,1526
2024-11-20,TOR,1535
2024-11-24,TOR,1542
2024-11-27,TOR,1532
2024-11-30,TOR,1543
2024-12-02,TOR,1549
2024-12-04,TOR,1555
2024-12-06,TOR,1544
2024-12-07,TOR,1533
2024-12-10,TOR,1544
2024-12-12,TOR,1550
2024-12-14,TOR,1538
2024-12-15,TOR,1544
2024-12-18,TOR,1555
2024-12-20,TOR,1562
2024-12-21,TOR,1548
2024-12-23,TOR,1537
2024-12-27,TOR,1545
2024-12-28,TOR,1535
2024-12-31,TOR,1541
2025-01-02,TOR,1549
2025-01-04,TOR,1557
2025-01-05,TOR,1564
2025-01-07,TOR,1572
2025-01-09,TOR,1562
2025-01-11,TOR,1548
2025-01-14,TOR,1538
2025-01-16,TOR,1546
2025-01-18,TOR,1557
2025-01-20,TOR,1565
2025-01-22,TOR,1552
2025-01-25,TOR,1542
2025-01-29,TOR,1531
2025-02-01,TOR,1543
2025-02-04,TOR,1553
2025-02-06,TOR,1561
2025-02-08,TOR,1550
2025-02-22,TOR,1559
2025-02-23,TOR,1565
2025-02-25,TOR,1573
2025-02-28,TOR,1582
2025-03-02,TOR,1588
2025-03-03,TOR,1571
2025-03-05,TOR,1561
2025-03-08,TOR,1552
2025-03-10,TOR,1561
2025-03-13,TOR,1551
2025-03-15,TOR,1540
2025-03-17,TOR,1547
2025-03-19,TOR,1557
2025-03-20,TOR,1566
2025-03-22,TOR,1553
2025-03-25,TOR,1558
2025-03-27,TOR,1543
2025-03-29,TOR,1554
2025-03-30,TOR,1563
2025-04-02,TOR,1572
2025-04-05,TOR,1578
2025-02-13,USA,1511
2025-02-15,USA,1522
2025-02-17,USA,1510
2025-02-20,USA,1499
2024-10-08,UTA,1509
2024-10-10,UTA,1520
2024-10-12,UTA,1531
2024-10-14,UTA,1521
2024-10-16,UTA,1511
2024-10-19,UTA,1520
2024-10-22,UTA,1509
2024-10-24,UTA,1498
2024-10-26,UTA,1489
2024-10-28,UTA,1476
2024-10-30,UTA,1486
2024-11-02,UTA,1478
2024-11-05,UTA,1472
2024-11-07,UTA,1484
2024-11-09,UTA,1474
2024-11-13,UTA,1486
2024-11-15,UTA,1476
2024-11-18,UTA,1467
2024-11-21,UTA,1458
2024-11-23,UTA,1468
2024-11-24,UTA,1461
2024-11-26,UTA,1472
2024-11-29,UTA,1462
2024-11-30,UTA,1475
2024-12-02,UTA,1466
2024-12-07,UTA,1477
2024-12-08,UTA,1488
2024-12-10,UTA,1479
2024-12-12,UTA,1492
2024-12-14,UTA,1502
2024-12-18,UTA,1511
2024-12-20,UTA,1523
2024-12-22,UTA,1510
2024-12-23,UTA,1500
2024-12-27,UTA,1491
2024-12-30,UTA,1481
2024-12-31,UTA,1474
2025-01-02,UTA,1485
2025-01-04,UTA,1478
2025-01-08,UTA,1469
2025-01-10,UTA,1476
2025-01-11,UTA,1464
2025-01-14,UTA,1454
2025-01-16,UTA,1444
2025-01-18,UTA,1454
2025-01-20,UTA,1466
2025-01-23,UTA,1479
2025-01-24,UTA,1472
2025-01-26,UTA,1464
2025-01-29,UTA,1452
2025-01-31,UTA,1443
2025-02-02,UTA,1432
2025-02-04,UTA,1442
2025-02-06,UTA,1455
2025-02-08,UTA,1448
2025-02-09,UTA,1463
2025-02-22,UTA,1456
2025-02-23,UTA,1466
2025-02-25,UTA,1473
2025-02-27,UTA,1484
2025-03-01,UTA,1473
2025-03-06,UTA,1485
2025-03-07,UTA,1473
2025-03-10,UTA,1464
2025-03-12,UTA,1473
2025-03-14,UTA,1463
2025-03-16,UTA,1475
2025-03-18,UTA,1468
2025-03-20,UTA,1477
2025-03-22,UTA,1489
2025-03-24,UTA,1478
2025-03-27,UTA,1471
2025-03-28,UTA,1465
2025-03-30,UTA,1473
2025-04-01,UTA,1483
2025-04-03,UTA,1474
2025-04-05,UTA,1487
2024-10-09,VAN,1489
2024-10-11,VAN,1478
2024-10-15,VAN,1470
2024-10-17,VAN,1482
2024-10-19,VAN,1493
2024-10-22,VAN,1504
2024-10-26,VAN,1512
2024-10-28,VAN,1502
2024-10-30,VAN,1490
2024-11-02,VAN,1500
2024-11-05,VAN,1510
2024-11-07,VAN,1521
2024-11-09,VAN,1509
2024-11-12,VAN,1518
2024-11-14,VAN,1506
2024-11-16,VAN,1514
2024-11-17,VAN,1501
2024-11-19,VAN,1491
2024-11-23,VAN,1501
2024-11-26,VAN,1511
2024-11-27,VAN,1500
2024-11-29,VAN,1511
2024-12-01,VAN,1521
2024-12-03,VAN,1513
2024-12-06,VAN,1521
2024-12-08,VAN,1510
2024-12-10,VAN,1499
2024-12-12,VAN,1510
2024-12-14,VAN,1498
2024-12-16,VAN,1508
2024-12-18,VAN,1499
2024-12-19,VAN,1492
2024-12-21,VAN,1482
2024-12-23,VAN,1489
2024-12-28,VAN,1477
2024-12-31,VAN,1468
2025-01-02,VAN,1479
2025-01-03,VAN,1466
2025-01-06,VAN,1458
2025-01-08,VAN,1452
2025-01-10,VAN,1445
2025-01-11,VAN,1459
2025-01-14,VAN,1453
2025-01-16,VAN,1445
2025-01-18,VAN,1458
2025-01-21,VAN,1446
2025-01-23,VAN,1440
2025-01-25,VAN,1453
2025-01-27,VAN,1465
2025-01-29,VAN,1476
2025-01-31,VAN,1470
2025-02-02,VAN,1461
2025-02-04,VAN,1472
2025-02-06,VAN,1480
2025-02-08,VAN,1491
2025-02-22,VAN,1483
2025-02-23,VAN,1473
2025-02-26,VAN,1486
2025-02-27,VAN,1477
2025-03-01,VAN,1467
2025-03-05,VAN,1477
2025-03-07,VAN,1488
2025-03-09,VAN,1480
2025-03-11,VAN,1469
2025-03-12,VAN,1480
2025-03-15,VAN,1486
2025-03-16,VAN,1474
2025-03-18,VAN,1487
2025-03-20,VAN,1479
2025-03-22,VAN,1470
2025-03-24,VAN,1482
2025-03-26,VAN,1493
2025-03-28,VAN,1483
2025-03-30,VAN,1477
2025-04-02,VAN,1465
2025-04-05,VAN,1474
2025-04-06,VAN,1465
2024-10-09,VGK,1509
2024-10-11,VGK,1518
2024-10-13,VGK,1527
2024-10-15,VGK,1517
2024-10-17,VGK,1508
2024-10-19,VGK,1499
2024-10-22,VGK,1508
2024-10-25,VGK,1517
2024-10-26,VGK,1524
2024-10-28,VGK,1533
2024-10-30,VGK,1523
2024-11-02,VGK,1531
2024-11-06,VGK,1541
2024-11-08,VGK,1530
2024-11-11,VGK,1520
2024-11-13,VGK,1529
2024-11-15,VGK,1539
2024-11-17,VGK,1528
2024-11-20,VGK,1519
2024-11-21,VGK,1529
2024-11-23,VGK,1538
2024-11-25,VGK,1547
2024-11-27,VGK,1537
2024-11-29,VGK,1547
2024-11-30,VGK,1534
2024-12-03,VGK,1543
2024-12-04,VGK,1552
2024-12-06,VGK,1561
2024-12-12,VGK,1572
2024-12-14,VGK,1562
2024-12-15,VGK,1573
2024-12-19,VGK,1580
2024-12-21,VGK,1586
2024-12-23,VGK,1592
2024-12-27,VGK,1598
2024-12-29,VGK,1604
2024-12-31,VGK,1590
2025-01-02,VGK,1596
2025-01-04,VGK,1601
2025-01-07,VGK,1607
2025-01-09,VGK,1592
2025-01-11,VGK,1578
2025-01-12,VGK,1587
2025-01-14,VGK,1573
2025-01-17,VGK,1562
2025-01-18,VGK,1548
2025-01-20,VGK,1535
2025-01-23,VGK,1545
2025-01-24,VGK,1536
2025-01-26,VGK,1545
2025-01-28,VGK,1535
2025-01-30,VGK,1523
2025-02-02,VGK,1513
2025-02-04,VGK,1504
2025-02-06,VGK,1515
2025-02-08,VGK,1525
2025-02-22,VGK,1533
2025-02-24,VGK,1524
2025-02-27,VGK,1529
2025-03-02,VGK,1537
2025-03-05,VGK,1547
2025-03-07,VGK,1552
2025-03-09,VGK,1539
2025-03-11,VGK,1526
2025-03-13,VGK,1537
2025-03-15,VGK,1525
2025-03-16,VGK,1515
2025-03-20,VGK,1522
2025-03-22,VGK,1530
2025-03-23,VGK,1540
2025-03-25,VGK,1550
2025-03-28,VGK,1556
2025-03-29,VGK,1564
2025-04-01,VGK,1552
2025-04-03,VGK,1543
2025-04-05,VGK,1553
2025-04-06,VGK,1562
2024-10-09,WPG,1511
2024-10-11,WPG,1519
2024-10-13,WPG,1527
2024-10-18,WPG,1534
2024-10-20,WPG,1542
2024-10-22,WPG,1552
2024-10-24,WPG,1562
2024-10-26,WPG,1572
2024-10-28,WPG,1559
2024-10-30,WPG,1568
2024-11-01,WPG,1577
2024-11-03,WPG,1585
2024-11-05,WPG,1591
2024-11-07,WPG,1597
2024-11-09,WPG,1604
2024-11-12,WPG,1613
2024-11-14,WPG,1601
2024-11-16,WPG,1590
2024-11-19,WPG,1598
2024-11-22,WPG,1605
2024-11-23,WPG,1591
2024-11-25,WPG,1601
2024-11-27,WPG,1589
2024-11-29,WPG,1579
2024-12-01,WPG,1569
2024-12-03,WPG,1556
2024-12-05,WPG,1565
2024-12-07,WPG,1572
2024-12-08,WPG,1558
2024-12-10,WPG,1565
2024-12-12,WPG,1554
2024-12-14,WPG,1560
2024-12-17,WPG,1568
2024-12-18,WPG,1556
2024-12-21,WPG,1564
2024-12-23,WPG,1575
2024-12-28,WPG,1582
2024-12-30,WPG,1587
2024-12-31,WPG,1577
2025-01-02,WPG,1563
2025-01-04,WPG,1549
2025-01-07,WPG,1555
2025-01-10,WPG,1544
2025-01-11,WPG,1554
2025-01-14,WPG,1560
2025-01-16,WPG,1566
2025-01-18,WPG,1552
2025-01-20,WPG,1540
2025-01-22,WPG,1551
2025-01-24,WPG,1558
2025-01-26,WPG,1566
2025-01-28,WPG,1576
2025-01-30,WPG,1584
2025-02-01,WPG,1595
2025-02-04,WPG,1603
2025-02-07,WPG,1610
2025-02-22,WPG,1617
2025-02-24,WPG,1620
2025-02-26,WPG,1628
2025-02-27,WPG,1613
2025-03-01,WPG,1598
2025-03-04,WPG,1586
2025-03-06,WPG,1594
2025-03-07,WPG,1602
2025-03-09,WPG,1591
2025-03-11,WPG,1597
2025-03-14,WPG,1606
2025-03-16,WPG,1613
2025-03-18,WPG,1600
2025-03-20,WPG,1610
2025-03-23,WPG,1595
2025-03-25,WPG,1604
2025-03-28,WPG,1610
2025-03-30,WPG,1616
2025-04-01,WPG,1605
2025-04-03,WPG,1614
2025-04-05,WPG,1601
2025-04-07,WPG,1610
2024-10-12,WSH,1489
2024-10-15,WSH,1499
2024-10-17,WSH,1509
2024-10-19,WSH,1520
2024-10-22,WSH,1530
2024-10-23,WSH,1537
2024-10-26,WSH,1527
2024-10-29,WSH,1536
2024-10-31,WSH,1543
2024-11-02,WSH,1551
2024-11-03,WSH,1542
2024-11-06,WSH,1549
2024-11-08,WSH,1536
2024-11-09,WSH,1546
2024-11-13,WSH,1534
2024-11-15,WSH,1544
2024-11-17,WSH,1555
2024-11-18,WSH,1564
2024-11-21,WSH,1552
2024-11-23,WSH,1540
2024-11-25,WSH,1550
2024-11-27,WSH,1560
2024-11-29,WSH,1566
2024-11-30,WSH,1576
2024-12-03,WSH,1562
2024-12-06,WSH,1573
2024-12-07,WSH,1581
2024-12-12,WSH,1589
2024-12-14,WSH,1594
2024-12-16,WSH,1583
2024-12-17,WSH,1570
2024-12-20,WSH,1578
2024-12-22,WSH,1586
2024-12-23,WSH,1575
2024-12-28,WSH,1585
2024-12-29,WSH,1571
2024-12-31,WSH,1578
2025-01-02,WSH,1566
2025-01-04,WSH,1572
2025-01-06,WSH,1559
2025-01-08,WSH,1565
2025-01-10,WSH,1552
2025-01-11,WSH,1559
2025-01-14,WSH,1566
2025-01-16,WSH,1576
2025-01-18,WSH,1582
2025-01-21,WSH,1593
2025-01-23,WSH,1600
2025-01-25,WSH,1587
2025-01-28,WSH,1596
2025-01-30,WSH,1585
2025-02-01,WSH,1574
2025-02-04,WSH,1582
2025-02-06,WSH,1589
2025-02-09,WSH,1574
2025-02-22,WSH,1581
2025-02-23,WSH,1589
2025-02-25,WSH,1575
2025-02-27,WSH,1561
2025-03-01,WSH,1550
2025-03-03,WSH,1558
2025-03-05,WSH,1568
2025-03-07,WSH,1575
2025-03-09,WSH,1581
2025-03-11,WSH,1589
2025-03-13,WSH,1578
2025-03-15,WSH,1583
2025-03-18,WSH,1590
2025-03-20,WSH,1595
2025-03-22,WSH,1603
2025-03-25,WSH,1594
2025-03-27,WSH,1583
2025-03-30,WSH,1569
2025-04-01,WSH,1575
2025-04-02,WSH,1566
2025-04-04,WSH,1569
2025-04-06,WSH,1557
